"","paper_ID","Observation_ID","group_ID_coded","population_ID","bird_species","ES","V_ES","ES_measure"
"1","GNM_001","1","GNM_001_1","Lodz, Poland","Cyanistes caeruleus",0.0663272849286169,0.00078311951235455,"lnRR"
"2","GNM_001","2","GNM_001_1","Lodz, Poland","Cyanistes caeruleus",0.061123606037502,0.00540413783682273,"lnRR"
"3","GNM_002","7","GNM_002_2","Montijo, Portugal","Cyanistes caeruleus",0.0507955589953052,0.0001249290685859,"lnRR"
"4","GNM_002","8","GNM_002_2","Montijo, Portugal","Cyanistes caeruleus",0.0200112968946815,2.93153562877973e-05,"lnRR"
"5","GNM_002","9","GNM_002_2","Montijo, Portugal","Cyanistes caeruleus",0.00405987072375095,2.58203574990346e-05,"lnRR"
"6","GNM_002","10","GNM_002_3","Montijo, Portugal","Cyanistes caeruleus",-0.0138116994851495,6.08357454941785e-05,"lnRR"
"7","GNM_002","11","GNM_002_3","Montijo, Portugal","Cyanistes caeruleus",-0.00276418928413511,2.78001190839652e-05,"lnRR"
"8","GNM_002","12","GNM_002_3","Montijo, Portugal","Cyanistes caeruleus",0.0119650416932554,0.0001048301380762,"lnRR"
"9","GNM_016","13","GNM_016_1","Madrid Province, Spain","Sturnus unicolor",-0.022851264916768,6.8649477483654e-05,"lnRR"
"10","GNM_016","14","GNM_016_2","Madrid Province, Spain","Sturnus unicolor",0.00251889301948399,6.87754086029681e-05,"lnRR"
"11","GNM_016","15","GNM_016_1","Madrid Province, Spain","Sturnus unicolor",0,5.41031855955679e-06,"lnRR"
"12","GNM_016","16","GNM_016_2","Madrid Province, Spain","Sturnus unicolor",0.00534760632659528,6.80764614135083e-06,"lnRR"
"13","GNM_016","17","GNM_016_3","Madrid Province, Spain","Sturnus unicolor",-0.031498667059371,0.00744592272099032,"lnRR"
"14","GNM_016","18","GNM_016_4","Madrid Province, Spain","Sturnus unicolor",-0.999672245647991,0.250539890123591,"lnRR"
"15","GNM_016","19","GNM_016_5","Madrid Province, Spain","Sturnus unicolor",-0.160581569349325,0.148168370584367,"lnRR"
"16","GNM_016","20","GNM_016_6","Madrid Province, Spain","Sturnus unicolor",-0.567106412649656,0.1963822772026,"lnRR"
"17","GNM_016","21","GNM_016_7","Madrid Province, Spain","Sturnus unicolor",-0.653926379714362,0.285636079756488,"lnRR"
"18","GNM_024","23","GNM_024_1","Madrid Province, Spain","Sturnus unicolor",0.185118821658669,0.00023809394470118,"lnRR"
"19","GNM_024","24","GNM_024_1","Madrid Province, Spain","Sturnus unicolor",-0.0026420094628387,1.02963792684649e-05,"lnRR"
"20","GNM_137","27","GNM_137_1","Nova Scotia and New Brunswick, Canada","Tachycineta bicolor",0.0870113769896297,0.00194866151634926,"lnRR"
"21","GNM_137","28","GNM_137_1","Nova Scotia and New Brunswick, Canada","Tachycineta bicolor",0.0384662808277961,0.00360844527387163,"lnRR"
"22","GNM_137","29","GNM_137_1","Nova Scotia and New Brunswick, Canada","Tachycineta bicolor",-0.0198026272961796,0.00496808798075535,"lnRR"
"23","GNM_137","30","GNM_137_1","Nova Scotia and New Brunswick, Canada","Tachycineta bicolor",-0.0126851595273158,0.00018008033281256,"lnRR"
"24","GNM_137","31","GNM_137_1","Nova Scotia and New Brunswick, Canada","Tachycineta bicolor",-0.277631736598279,0.157983334603672,"lnRR"
"25","GNM_137","32","GNM_137_1","Nova Scotia and New Brunswick, Canada","Tachycineta bicolor",0.61288556959104,0.0193244884289622,"lnRR"
"26","GNM_152","34","GNM_152_1","Vosbergen, Netherlands","Sturnus vulgaris",-0.113328685307003,0.0123869489795918,"lnRR"
"27","GNM_152","35","GNM_152_1","Vosbergen, Netherlands","Sturnus vulgaris",0.0180185055026782,0.00699527955810423,"lnRR"
"28","GNM_152","36","GNM_152_1","Vosbergen, Netherlands","Sturnus vulgaris",-0.0953101798043249,0.0165123305785124,"lnRR"
"29","GNM_152","37","GNM_152_1","Vosbergen, Netherlands","Sturnus vulgaris",-0.218689200964829,0.0601336482741245,"lnRR"
"30","GNM_152","38","GNM_152_1","Vosbergen, Netherlands","Sturnus vulgaris",0.0645385211375712,0.0076218820861678,"lnRR"
"31","GNM_152","39","GNM_152_1","Vosbergen, Netherlands","Sturnus vulgaris",-0.154150679827258,0.0615820609725372,"lnRR"
"32","GNM_152","40","GNM_152_1","Vosbergen, Netherlands","Sturnus vulgaris",-0.0262679268206103,0.388493912278352,"lnRR"
"33","GNM_152","41","GNM_152_1","Vosbergen, Netherlands","Sturnus vulgaris",-0.453667209926042,0.209983297971815,"lnRR"
"34","GNM_152","42","GNM_152_1","Vosbergen, Netherlands","Sturnus vulgaris",-0.479935136746652,0.229533451676779,"lnRR"
"35","GNM_152","43","GNM_152_1","Vosbergen, Netherlands","Sturnus vulgaris",-0.283486681221678,0.12726731308721,"lnRR"
"36","GNM_152","44","GNM_152_1","Vosbergen, Netherlands","Sturnus vulgaris",0.27443684570176,0.281663075479041,"lnRR"
"37","GNM_152","45","GNM_152_1","Vosbergen, Netherlands","Sturnus vulgaris",-0.00904983551991786,0.30307200620321,"lnRR"
"38","GNM_152","46","GNM_152_1","Vosbergen, Netherlands","Sturnus vulgaris",0.0130926705777815,0.276676835124049,"lnRR"
"39","GNM_152","47","GNM_152_1","Vosbergen, Netherlands","Sturnus vulgaris",-0.0181094761146889,0.156547937416053,"lnRR"
"40","GNM_152","48","GNM_152_1","Vosbergen, Netherlands","Sturnus vulgaris",0.0130926705777815,0.276676835124049,"lnRR"
"41","GNM_152","49","GNM_152_1","Vosbergen, Netherlands","Sturnus vulgaris",-0.0130926705777815,0.276676835124049,"lnRR"
"42","GNM_152","50","GNM_152_1","Vosbergen, Netherlands","Sturnus vulgaris",0.0181094761146889,0.156547937416053,"lnRR"
"43","GNM_152","51","GNM_152_1","Vosbergen, Netherlands","Sturnus vulgaris",-0.0130926705777815,0.276676835124049,"lnRR"
"44","GNM_152","52","GNM_152_1","Vosbergen, Netherlands","Sturnus vulgaris",-0.0130926705777815,0.276676835124049,"lnRR"
"45","GNM_152","53","GNM_152_1","Vosbergen, Netherlands","Sturnus vulgaris",0.0181094761146889,0.156547937416053,"lnRR"
"46","GNM_152","54","GNM_152_1","Vosbergen, Netherlands","Sturnus vulgaris",-0.0130926705777815,0.276676835124049,"lnRR"
"47","GNM_237","55","GNM_237_1","Hoya de Guadix, Spain","Sturnus unicolor",0.23438539190254,0.0600452597409869,"lnRR"
"48","GNM_237","56","GNM_237_2","Hoya de Guadix, Spain","Sturnus unicolor",0.161453401461042,0.0375162638617308,"lnRR"
"49","GNM_237","57","GNM_237_3","Hoya de Guadix, Spain","Sturnus unicolor",-0.253702798224659,0.052814837714933,"lnRR"
"50","GNM_237","58","GNM_237_4","Hoya de Guadix, Spain","Sturnus unicolor",-0.162098166030697,0.0676442701531946,"lnRR"
"51","GNM_237","59","GNM_237_5","Hoya de Guadix, Spain","Sturnus unicolor",0.116957079702105,0.175463196181401,"lnRR"
"52","GNM_237","60","GNM_237_6","Hoya de Guadix, Spain","Sturnus unicolor",0.313498196251492,0.173567019592813,"lnRR"
"53","GNM_018","61","GNM_018_1","Valsaín, Spain","Cyanistes caeruleus",0.142334266370478,0.0549844368548887,"lnRR"
"54","GNM_018","62","GNM_018_1","Valsaín, Spain","Cyanistes caeruleus",0.107630664192365,0.0357222455519567,"lnRR"
"55","GNM_018","63","GNM_018_1","Valsaín, Spain","Cyanistes caeruleus",-0.0666426941419979,0.0175199738403267,"lnRR"
"56","GNM_018","64","GNM_018_1","Valsaín, Spain","Cyanistes caeruleus",-0.105360515657826,0.00753086419753086,"lnRR"
"57","GNM_018","65","GNM_018_1","Valsaín, Spain","Cyanistes caeruleus",0.278203328497237,0.0140020052164689,"lnRR"
"58","GNM_018","66","GNM_018_1","Valsaín, Spain","Cyanistes caeruleus",0.021335841932752,0.00392869508543917,"lnRR"
"59","GNM_101","67","GNM_101_1","Valsaín, Spain","Cyanistes caeruleus",0.0497615095590638,0.00131414790134613,"lnRR"
"60","GNM_101","68","GNM_101_1","Valsaín, Spain","Cyanistes caeruleus",0.0067796869853788,0.00114695331778304,"lnRR"
"61","GNM_101","69","GNM_101_1","Valsaín, Spain","Cyanistes caeruleus",-0.0133973295718213,0.00022400803502339,"lnRR"
"62","GNM_101","70","GNM_101_1","Valsaín, Spain","Cyanistes caeruleus",-0.0108109161042157,0.0029132518789392,"lnRR"
"63","GNM_101","71","GNM_101_1","Valsaín, Spain","Cyanistes caeruleus",0.0111733005981253,0.00513147579258761,"lnRR"
"64","GNM_101","72","GNM_101_1","Valsaín, Spain","Cyanistes caeruleus",-0.53730500335456,0.264490260623634,"lnRR"
"65","GNM_101","73","GNM_101_1","Valsaín, Spain","Cyanistes caeruleus",0.143100843640673,0.363763605814888,"lnRR"
"66","GNM_101","74","GNM_101_1","Valsaín, Spain","Cyanistes caeruleus",0.0188329483330921,0.0403976932456421,"lnRR"
"67","GNM_101","75","GNM_101_1","Valsaín, Spain","Cyanistes caeruleus",-0.192206316026497,0.156021422062385,"lnRR"
"68","GNM_101","76","GNM_101_1","Valsaín, Spain","Cyanistes caeruleus",0,0.26530612244898,"lnRR"
"69","GNM_101","77","GNM_101_1","Valsaín, Spain","Cyanistes caeruleus",0.405465108108164,0.361111111111111,"lnRR"
"70","GNM_101","78","GNM_101_1","Valsaín, Spain","Cyanistes caeruleus",-0.394654192003949,0.0544742106619404,"lnRR"
"71","GNM_101","79","GNM_101_1","Valsaín, Spain","Cyanistes caeruleus",-0.626965273678644,0.123503714033167,"lnRR"
"72","GNM_101","80","GNM_101_1","Valsaín, Spain","Cyanistes caeruleus",0.0100503358535015,0.0002020304050607,"lnRR"
"73","GNM_101","81","GNM_101_1","Valsaín, Spain","Cyanistes caeruleus",0.00619197024792098,7.66827061045185e-05,"lnRR"
"74","GNM_101","82","GNM_101_1","Valsaín, Spain","Cyanistes caeruleus",0.00500001041670584,0.00012537734846195,"lnRR"
"75","GNM_101","83","GNM_101_1","Valsaín, Spain","Cyanistes caeruleus",-0.0822380982369721,0.0094979931030584,"lnRR"
"76","GNM_101","84","GNM_101_1","Valsaín, Spain","Cyanistes caeruleus",-0.0219789067187752,0.00155715419262993,"lnRR"
"77","GNM_101","85","GNM_101_1","Valsaín, Spain","Cyanistes caeruleus",0.0104712998672954,0.00087724107417667,"lnRR"
"78","GNM_069","86","GNM_069_1","Hoya de Guadix, Spain","Sturnus unicolor",0,0.00106162369099432,"lnRR"
"79","GNM_069","87","GNM_069_2","Hoya de Guadix, Spain","Sturnus unicolor",0.0279738520424062,0.00510817227545513,"lnRR"
"80","GNM_069","88","GNM_069_1","Hoya de Guadix, Spain","Sturnus unicolor",-0.031090587070031,0.00017117395884913,"lnRR"
"81","GNM_069","89","GNM_069_2","Hoya de Guadix, Spain","Sturnus unicolor",0,0.0003999819810884,"lnRR"
"82","GNM_069","90","GNM_069_1","Hoya de Guadix, Spain","Sturnus unicolor",0.0215062052209637,0.00428879696017866,"lnRR"
"83","GNM_069","91","GNM_069_2","Hoya de Guadix, Spain","Sturnus unicolor",-0.0245712607305053,0.0171930654978978,"lnRR"
"84","GNM_069","92","GNM_069_1","Hoya de Guadix, Spain","Sturnus unicolor",-0.0340458414097172,0.001429042752395,"lnRR"
"85","GNM_069","93","GNM_069_2","Hoya de Guadix, Spain","Sturnus unicolor",-0.0537442760066906,0.0073569436341852,"lnRR"
"86","GNM_069","94","GNM_069_1","Hoya de Guadix, Spain","Sturnus unicolor",-0.0554886856176532,0.0107029960041427,"lnRR"
"87","GNM_069","95","GNM_069_2","Hoya de Guadix, Spain","Sturnus unicolor",-0.20404337994079,0.0138737831308045,"lnRR"
"88","GNM_069","96","GNM_069_1","Hoya de Guadix, Spain","Sturnus unicolor",-0.0338133643657781,0.0062370381575002,"lnRR"
"89","GNM_069","97","GNM_069_2","Hoya de Guadix, Spain","Sturnus unicolor",-0.0972122250758063,0.0560469955318428,"lnRR"
"90","GNM_069","98","GNM_069_1","Hoya de Guadix, Spain","Sturnus unicolor",-0.00325203538637732,0.0120590724293566,"lnRR"
"91","GNM_069","99","GNM_069_2","Hoya de Guadix, Spain","Sturnus unicolor",-0.216429613374861,0.0155567753280589,"lnRR"
"92","GNM_069","100","GNM_069_1","Hoya de Guadix, Spain","Sturnus unicolor",-0.0154086253528451,0.00524153187961028,"lnRR"
"93","GNM_069","101","GNM_069_2","Hoya de Guadix, Spain","Sturnus unicolor",0.00834497193218053,0.0514833268603989,"lnRR"
"94","GNM_069","102","GNM_069_1","Hoya de Guadix, Spain","Sturnus unicolor",-0.0118344576470028,0.0178020993636587,"lnRR"
"95","GNM_069","103","GNM_069_2","Hoya de Guadix, Spain","Sturnus unicolor",0.0756374142056201,0.315561183466413,"lnRR"
"96","GNM_069","104","GNM_069_1","Hoya de Guadix, Spain","Sturnus unicolor",0.350451237230376,0.0236542835107209,"lnRR"
"97","GNM_069","105","GNM_069_2","Hoya de Guadix, Spain","Sturnus unicolor",-0.257199055726705,0.0180450861606443,"lnRR"
"98","GNM_069","106","GNM_069_1","Hoya de Guadix, Spain","Sturnus unicolor",0.595983432106298,0.980441854227324,"lnRR"
"99","GNM_147","108","GNM_147_1","Vanderhoof, Canada","Tachycineta bicolor",0.29031019485805,0.275473296714522,"lnRR"
"100","GNM_147","109","GNM_147_1","Vanderhoof, Canada","Tachycineta bicolor",-0.308009771957451,0.380698846883805,"lnRR"
"101","GNM_147","110","GNM_147_1","Vanderhoof, Canada","Tachycineta bicolor",-0.0176995770994009,0.420399449830717,"lnRR"
"102","GNM_349","114","GNM_349_1","Patuxent Wildlife Research Center, USA","Sturnus vulgaris",-0.0219789067187752,0.00303863567411141,"lnRR"
"103","GNM_349","115","GNM_349_1","Patuxent Wildlife Research Center, USA","Sturnus vulgaris",-0.0533459807052927,0.0152668211415619,"lnRR"
"104","GNM_349","116","GNM_349_1","Patuxent Wildlife Research Center, USA","Sturnus vulgaris",0.0080972102326193,0.0135955307422418,"lnRR"
"105","GNM_349","117","GNM_349_1","Patuxent Wildlife Research Center, USA","Sturnus vulgaris",-0.192006862528418,0.0201530431936775,"lnRR"
"106","GNM_349","118","GNM_349_1","Patuxent Wildlife Research Center, USA","Sturnus vulgaris",0.0809264903205443,2.71658702170018e-05,"lnRR"
"107","GNM_349","119","GNM_349_1","Patuxent Wildlife Research Center, USA","Sturnus vulgaris",-0.0212773984472849,0.000277296560312,"lnRR"
"108","GNM_349","120","GNM_349_1","Patuxent Wildlife Research Center, USA","Sturnus vulgaris",-0.00262812240626958,0.00012432699380634,"lnRR"
"109","GNM_185","121","GNM_185_1","Betty Daw’s Wood, UK","Cyanistes caeruleus",-0.109744564766361,0.00969453265280803,"lnRR"
"110","GNM_185","122","GNM_185_1","Betty Daw’s Wood, UK","Cyanistes caeruleus",-0.00393684263362803,0.0330122961507267,"lnRR"
"111","GNM_185","123","GNM_185_1","Betty Daw’s Wood, UK","Cyanistes caeruleus",-0.00393684263362803,0.0330122961507267,"lnRR"
"112","GNM_185","124","GNM_185_1","Betty Daw’s Wood, UK","Cyanistes caeruleus",-0.00393684263362803,0.0330122961507267,"lnRR"
"113","GNM_185","125","GNM_185_1","Betty Daw’s Wood, UK","Cyanistes caeruleus",0.00393684263362803,0.0330122961507267,"lnRR"
"114","GNM_185","126","GNM_185_1","Betty Daw’s Wood, UK","Cyanistes caeruleus",-0.00393684263362803,0.0330122961507267,"lnRR"
"115","GNM_185","127","GNM_185_1","Betty Daw’s Wood, UK","Cyanistes caeruleus",-0.00393684263362803,0.0330122961507267,"lnRR"
"116","GNM_185","128","GNM_185_1","Betty Daw’s Wood, UK","Cyanistes caeruleus",-0.00393684263362803,0.0330122961507267,"lnRR"
"117","GNM_010","135","GNM_010_1","Lake Ammersee, Germany","Sturnus vulgaris",0.0436432897319068,0.00447948060776218,"lnRR"
"118","GNM_010","136","GNM_010_2","Lake Ammersee, Germany","Sturnus vulgaris",0.0639133257436529,0.00510864944254949,"lnRR"
"119","GNM_010","137","GNM_010_1","Lake Ammersee, Germany","Sturnus vulgaris",0.0689928714869514,0.0161257552834467,"lnRR"
"120","GNM_010","138","GNM_010_2","Lake Ammersee, Germany","Sturnus vulgaris",0.137753237314078,0.0250710262909314,"lnRR"
"121","GNM_010","139","GNM_010_1","Lake Ammersee, Germany","Sturnus vulgaris",0.0424306071297052,0.0114667951685545,"lnRR"
"122","GNM_010","140","GNM_010_2","Lake Ammersee, Germany","Sturnus vulgaris",0.0922312242160336,0.0209348851342528,"lnRR"
"123","GNM_010","141","GNM_010_1","Lake Ammersee, Germany","Sturnus vulgaris",0.199058349149478,0.00820618504751282,"lnRR"
"124","GNM_010","142","GNM_010_2","Lake Ammersee, Germany","Sturnus vulgaris",0.129709544668113,0.00428638098117696,"lnRR"
"125","GNM_028","151","GNM_028_1","Madrid Province, Spain","Sturnus unicolor",0.0283643555233589,0.00114159498450719,"lnRR"
"126","GNM_028","152","GNM_028_1","Madrid Province, Spain","Sturnus unicolor",0.0242557282253033,0.00343018822059236,"lnRR"
"127","GNM_028","153","GNM_028_1","Madrid Province, Spain","Sturnus unicolor",0.0397971195288711,0.00685733534354951,"lnRR"
"128","GNM_028","154","GNM_028_1","Madrid Province, Spain","Sturnus unicolor",0.0140869443431711,0.00326985590458595,"lnRR"
"129","GNM_028","155","GNM_028_1","Madrid Province, Spain","Sturnus unicolor",0.01380601782545,0.0118544494358891,"lnRR"
"130","GNM_028","156","GNM_028_1","Madrid Province, Spain","Sturnus unicolor",-0.253086320415614,0.0186443459420514,"lnRR"
"131","GNM_121","158","GNM_121_1","Corsica, France","Cyanistes caeruleus",0.132585988225032,0.00635887329466846,"lnRR"
"132","GNM_121","159","GNM_121_1","Corsica, France","Cyanistes caeruleus",0.17532188179368,0.010665209671858,"lnRR"
"133","GNM_123","161","GNM_123_1","Corsica, France","Cyanistes caeruleus",0,0.0902367224559348,"lnRR"
"134","GNM_123","162","GNM_123_1","Corsica, France","Cyanistes caeruleus",0.275228737822831,1.34122720970721,"lnRR"
"135","GNM_123","163","GNM_123_2","Corsica, France","Cyanistes caeruleus",-1.43638846330375,2.30353809329236,"lnRR"
"136","GNM_123","164","GNM_123_2","Corsica, France","Cyanistes caeruleus",0.00761695645598754,7.84487607942227e-05,"lnRR"
"137","GNM_128","165","GNM_128_1","Corsica, France","Cyanistes caeruleus",-0.139441681164255,0.0301816228723735,"lnRR"
"138","GNM_128","166","GNM_128_1","Corsica, France","Cyanistes caeruleus",0.0423592738391414,0.00346822315828403,"lnRR"
"139","GNM_143","167","GNM_143_1","Lake Ammersee, Germany","Sturnus vulgaris",0.011777490049593,0.00024167732548605,"lnRR"
"140","GNM_143","168","GNM_143_2","Lake Ammersee, Germany","Sturnus vulgaris",0.0618683923548635,0.00064049767377766,"lnRR"
"141","GNM_143","169","GNM_143_3","Lake Ammersee, Germany","Sturnus vulgaris",0.0224529921198797,0.00022424113116973,"lnRR"
"142","GNM_143","170","GNM_143_4","Lake Ammersee, Germany","Sturnus vulgaris",0.0282120018693236,0.00138239251468878,"lnRR"
"143","GNM_143","171","GNM_143_5","Lake Ammersee, Germany","Sturnus vulgaris",0.00303465056137218,0.00031580037866102,"lnRR"
"144","GNM_143","172","GNM_143_5","Lake Ammersee, Germany","Sturnus vulgaris",-0.159064825968427,0.174269412454489,"lnRR"
"145","GNM_143","174","GNM_143_5","Lake Ammersee, Germany","Sturnus vulgaris",-0.195308786476363,0.0698274630359364,"lnRR"
"146","GNM_143","175","GNM_143_6","Lake Ammersee, Germany","Sturnus vulgaris",0.339507088092004,0.0184587150763104,"lnRR"
"147","GNM_143","176","GNM_143_5","Lake Ammersee, Germany","Sturnus vulgaris",-0.0409450096849842,0.00589284206615266,"lnRR"
"148","GNM_143","177","GNM_143_6","Lake Ammersee, Germany","Sturnus vulgaris",0.0121520067830407,0.00789912238245976,"lnRR"
"149","GNM_355","181","GNM_355_3","SWRC, Philadelphia, USA","Sturnus vulgaris",0.146603413904804,0.017913967923505,"lnRR"
"150","GNM_355","184","GNM_355_3","SWRC, Philadelphia, USA","Sturnus vulgaris",0.227783968080015,0.00382514990649707,"lnRR"
"151","GNM_355","185","GNM_355_3","SWRC, Philadelphia, USA","Sturnus vulgaris",0,0.00342935515698503,"lnRR"
"152","GNM_355","190","GNM_355_3","SWRC, Philadelphia, USA","Sturnus vulgaris",-0.64728353789847,0.131976573707761,"lnRR"
"153","GNM_355","191","GNM_355_3","SWRC, Philadelphia, USA","Sturnus vulgaris",0.474056819592259,0.0357483267894661,"lnRR"
"154","GNM_355","192","GNM_355_3","SWRC, Philadelphia, USA","Sturnus vulgaris",-1.12134035749073,0.110953660268249,"lnRR"
"155","GNM_355","193","GNM_355_3","SWRC, Philadelphia, USA","Sturnus vulgaris",-0.459998192003085,0.00690266126319411,"lnRR"
"156","GNM_355","194","GNM_355_3","SWRC, Philadelphia, USA","Sturnus vulgaris",0.367509661186192,0.00187009047226556,"lnRR"
"157","GNM_355","195","GNM_355_3","SWRC, Philadelphia, USA","Sturnus vulgaris",-0.827507853189278,0.00624474192849753,"lnRR"
"158","GNM_355","196","GNM_355_3","SWRC, Philadelphia, USA","Sturnus vulgaris",-0.879476782365894,0.0539229259477587,"lnRR"
"159","GNM_355","197","GNM_355_3","SWRC, Philadelphia, USA","Sturnus vulgaris",0.340037154315965,0.00306414511219874,"lnRR"
"160","GNM_355","198","GNM_355_3","SWRC, Philadelphia, USA","Sturnus vulgaris",-1.21951393668186,0.0549620719473189,"lnRR"
"161","GNM_355","199","GNM_355_3","SWRC, Philadelphia, USA","Sturnus vulgaris",-0.866965507840045,0.0431484268753576,"lnRR"
"162","GNM_355","200","GNM_355_3","SWRC, Philadelphia, USA","Sturnus vulgaris",0.330031114124754,0.00220600480605215,"lnRR"
"163","GNM_355","201","GNM_355_3","SWRC, Philadelphia, USA","Sturnus vulgaris",-1.1969966219648,0.0424457069138174,"lnRR"
"164","GNM_355","202","GNM_355_3","SWRC, Philadelphia, USA","Sturnus vulgaris",0.0255318425037006,0.0175118667504819,"lnRR"
"165","GNM_355","203","GNM_355_3","SWRC, Philadelphia, USA","Sturnus vulgaris",0.075502872431359,0.0213680410498648,"lnRR"
"166","GNM_355","204","GNM_355_3","SWRC, Philadelphia, USA","Sturnus vulgaris",0.0499710299276584,0.854707603704863,"lnRR"
"167","GNM_355","205","GNM_355_3","SWRC, Philadelphia, USA","Sturnus vulgaris",0.00191487405648713,0.01118315727935,"lnRR"
"168","GNM_355","206","GNM_355_3","SWRC, Philadelphia, USA","Sturnus vulgaris",-0.00621286547183462,0.00849023328111463,"lnRR"
"169","GNM_355","207","GNM_355_3","SWRC, Philadelphia, USA","Sturnus vulgaris",-0.0081277395283217,0.0066694103187886,"lnRR"
"170","GNM_355","208","GNM_355_3","SWRC, Philadelphia, USA","Sturnus vulgaris",0.00502280005875979,0.00499113592148216,"lnRR"
"171","GNM_355","209","GNM_355_3","SWRC, Philadelphia, USA","Sturnus vulgaris",-0.00638109733587535,0.0101466365395426,"lnRR"
"172","GNM_355","210","GNM_355_3","SWRC, Philadelphia, USA","Sturnus vulgaris",-0.0114038973946352,0.011290129919081,"lnRR"
"173","GNM_001_rep","211","GNM_001_rep_1","Coimbra, Portugal","Cyanistes caeruleus",-0.010256500167189,0.00141452076748271,"lnRR"
"174","GNM_001_rep","212","GNM_001_rep_1","Coimbra, Portugal","Cyanistes caeruleus",-0.0152747034685135,4.76691276809828e-05,"lnRR"
"175","GNM_001_rep","213","GNM_001_rep_1","Coimbra, Portugal","Cyanistes caeruleus",0.0211323474071959,8.03378625412867e-05,"lnRR"
"176","GNM_001_rep","214","GNM_001_rep_1","Coimbra, Portugal","Cyanistes caeruleus",-0.147511511451744,0.00145474634064379,"lnRR"
"177","GNM_001_rep","215","GNM_001_rep_1","Coimbra, Portugal","Cyanistes caeruleus",-0.0487901641694321,0.00535600907029478,"lnRR"
"178","GNM_001_rep","216","GNM_001_rep_1","Coimbra, Portugal","Cyanistes caeruleus",0.408128225527648,0.19271802444545,"lnRR"
"179","GNM_001_rep","217","GNM_001_rep_1","Coimbra, Portugal","Cyanistes caeruleus",0.351397886837889,0.136227899182654,"lnRR"
"180","GNM_001_rep","218","GNM_001_rep_1","Coimbra, Portugal","Cyanistes caeruleus",-0.559615787935423,0.66679387755102,"lnRR"
"181","GNM_001_rep","219","GNM_001_rep_1","Coimbra, Portugal","Cyanistes caeruleus",1.93730177451871,0.95664647763041,"lnRR"
"182","GNM_001_rep","220","GNM_001_rep_1","Coimbra, Portugal","Cyanistes caeruleus",0.0447981428998945,0.491934032727948,"lnRR"
"183","GNM_001_rep","221","GNM_001_rep_1","Coimbra, Portugal","Cyanistes caeruleus",-1.38629436111989,0.280944444444444,"lnRR"
"184","GNM_002_add","224","GNM_002_add_1","Lake Ammersee, Germany","Sturnus vulgaris",0,0.0140923863817998,"lnRR"
"185","GNM_002_add","225","GNM_002_add_1","Lake Ammersee, Germany","Sturnus vulgaris",-0.0176648361798052,0.00077062528587732,"lnRR"
"186","GNM_002_add","226","GNM_002_add_1","Lake Ammersee, Germany","Sturnus vulgaris",-0.00913248356327259,0.00104257892141143,"lnRR"
"187","GNM_002_add","227","GNM_002_add_1","Lake Ammersee, Germany","Sturnus vulgaris",-0.0562397183228761,0.0014370722420723,"lnRR"
"188","GNM_002_add","228","GNM_002_add_1","Lake Ammersee, Germany","Sturnus vulgaris",0.179667223970005,0.196611716737117,"lnRR"
"189","GNM_002_add","229","GNM_002_add_1","Lake Ammersee, Germany","Sturnus vulgaris",0,0.149006415615362,"lnRR"
"190","GNM_002_add","230","GNM_002_add_1","Lake Ammersee, Germany","Sturnus vulgaris",-0.207352747318672,0.026109192145253,"lnRR"
"191","GNM_002_add","231","GNM_002_add_1","Lake Ammersee, Germany","Sturnus vulgaris",-0.0795706545547534,0.0284929454884604,"lnRR"
"192","GNM_002_add","232","GNM_002_add_1","Lake Ammersee, Germany","Sturnus vulgaris",0,0.00855123042145494,"lnRR"
"193","GNM_002_add","233","GNM_002_add_1","Lake Ammersee, Germany","Sturnus vulgaris",0.0309478680033112,0.00024758187298908,"lnRR"
"194","GNM_002_add","234","GNM_002_add_1","Lake Ammersee, Germany","Sturnus vulgaris",0.0487901784317177,0.00024920191021672,"lnRR"
"195","GNM_002_add","235","GNM_002_add_1","Lake Ammersee, Germany","Sturnus vulgaris",0.0122931323477857,0.0003566868114642,"lnRR"
"196","GNM_002_add","236","GNM_002_add_1","Lake Ammersee, Germany","Sturnus vulgaris",0.027586133958589,0.00035707172030535,"lnRR"
"197","GNM_001_add","237","GNM_001_add_1","Lodz, Poland","Parus major",0.00137971836216554,0.00015389024852991,"lnRR"
"198","GNM_001_add","238","GNM_001_add_1","Lodz, Poland","Parus major",-0.0147837961842369,0.00187778827934221,"lnRR"
"199","GNM_001_add","239","GNM_001_add_1","Lodz, Poland","Parus major",-0.0339412334280326,0.00749104655837195,"lnRR"
"200","GNM_001_add","240","GNM_001_add_1","Lodz, Poland","Parus major",-0.432344557868511,0.0015111365804668,"lnRR"
"201","GNM_001_add","242","GNM_001_add_1","Lodz, Poland","Parus major",0.0497346275977541,0.00112672304425401,"lnRR"
"202","GNM_001_add","243","GNM_001_add_1","Lodz, Poland","Parus major",0.0184054275427153,0.00112511350942739,"lnRR"
"203","GNM_001_add","244","GNM_001_add_1","Lodz, Poland","Parus major",0.0412152398509621,0.00109238677084471,"lnRR"
"204","GNM_001_add","245","GNM_001_add_1","Lodz, Poland","Parus major",0.0416726964005681,0.00081431476887648,"lnRR"
"205","GNM_001_add","246","GNM_001_add_1","Lodz, Poland","Parus major",-0.162518929497775,0.235288693159973,"lnRR"
"206","GNM_001_add","247","GNM_001_add_1","Lodz, Poland","Parus major",-1.60343568307308,0.599085376310346,"lnRR"
"207","GNM_001_add","249","GNM_001_add_1","Lodz, Poland","Parus major",-1.56861591791385,1.30555555555556,"lnRR"
"208","GNM_001_add","250","GNM_001_add_1","Lodz, Poland","Parus major",1.06087196068526,0.419454239967061,"lnRR"
"209","GNM_001_add","252","GNM_001_add_1","Lodz, Poland","Parus major",-0.0143298255548253,0.374120491674285,"lnRR"
"210","GNM_001_add","253","GNM_001_add_1","Lodz, Poland","Parus major",0.510825623765991,0.830808080808082,"lnRR"
"211","GNM_001_add","254","GNM_001_add_1","Lodz, Poland","Parus major",1.22866541691631,0.317723336878601,"lnRR"
"212","GNM_001_add","255","GNM_001_add_1","Lodz, Poland","Parus major",0.51082562376599,1.18181818181818,"lnRR"
"213","GNM_001_add","256","GNM_001_add_1","Lodz, Poland","Parus major",0,0.921212121212115,"lnRR"
"214","GNM_001_add","258","GNM_001_add_1","Lodz, Poland","Parus major",-0.471546769387659,0.222756756294834,"lnRR"
"215","GNM_001_add","259","GNM_001_add_1","Lodz, Poland","Parus major",-0.295650242100959,0.247961822304679,"lnRR"
"216","GNM_003_add","260","GNM_003_add_1","Kuankuoshui Nature Reserve, China","Passer cinnamomeus",0.94584947358172,0.164374706659048,"lnRR"
"217","GNM_003_add","261","GNM_003_add_1","Kuankuoshui Nature Reserve, China","Passer cinnamomeus",1.30833278478532,0.0638431345250181,"lnRR"
"218","GNM_003_add","262","GNM_003_add_1","Kuankuoshui Nature Reserve, China","Passer cinnamomeus",0.362483311203595,0.205717841238737,"lnRR"
"219","GNM_003_add","263","GNM_003_add_1","Kuankuoshui Nature Reserve, China","Passer cinnamomeus",0.0582690035956712,0.00251199679872975,"lnRR"
"220","GNM_003_add","264","GNM_003_add_1","Kuankuoshui Nature Reserve, China","Passer cinnamomeus",0.256720032075613,0.00100943906421484,"lnRR"
"221","GNM_003_add","265","GNM_003_add_1","Kuankuoshui Nature Reserve, China","Passer cinnamomeus",0.198451028479942,0.00209744175448358,"lnRR"
"222","GNM_1_Unpublished","266","GNM_1_Unpublished_1","Werther, Germany","Buteo buteo",-0.946943587888728,4.09788541327826,"lnRR"
"223","GNM_1_Unpublished","267","GNM_1_Unpublished_1","Werther, Germany","Buteo buteo",-0.598230624063202,4.38158785104605,"lnRR"
"224","GNM_1_Unpublished","268","GNM_1_Unpublished_1","Werther, Germany","Buteo buteo",0.348712963825526,1.75027742838624,"lnRR"
"225","GNM_1_Unpublished","269","GNM_1_Unpublished_1","Werther, Germany","Buteo buteo",-0.06695941113195,0.23408825028297,"lnRR"
"226","GNM_1_Unpublished","270","GNM_1_Unpublished_1","Werther, Germany","Buteo buteo",0.291560551780352,0.174321447606544,"lnRR"
"227","GNM_1_Unpublished","271","GNM_1_Unpublished_1","Werther, Germany","Buteo buteo",0.358519962912302,0.274344950439172,"lnRR"
"228","GNM_1_Unpublished","272","GNM_1_Unpublished_1","Werther, Germany","Buteo buteo",-0.345813901609118,0.139822152955653,"lnRR"
"229","GNM_1_Unpublished","273","GNM_1_Unpublished_1","Werther, Germany","Buteo buteo",-0.967654612005768,0.277647225480972,"lnRR"
"230","GNM_1_Unpublished","274","GNM_1_Unpublished_1","Werther, Germany","Buteo buteo",-0.62184071039665,0.36711056761309,"lnRR"
"231","GNM_2_Unpublished","275","GNM_2_Unpublished_1","Bergen, Norway","Cyanistes caeruleus",-0.0288085766317748,0.00960244616087896,"lnRR"
"232","GNM_2_Unpublished","276","GNM_2_Unpublished_1","Bergen, Norway","Cyanistes caeruleus",-0.0609685599109688,0.00681823773254668,"lnRR"
"233","GNM_2_Unpublished","277","GNM_2_Unpublished_1","Bergen, Norway","Cyanistes caeruleus",-0.0531725953559202,0.00596283103326686,"lnRR"
"234","GNM_2_Unpublished","278","GNM_2_Unpublished_1","Bergen, Norway","Cyanistes caeruleus",-0.00828162083172199,0.00441043911059432,"lnRR"
"235","GNM_2_Unpublished","279","GNM_2_Unpublished_1","Bergen, Norway","Cyanistes caeruleus",0.0349917496225023,0.00360692354381254,"lnRR"
"236","GNM_2_Unpublished","280","GNM_2_Unpublished_1","Bergen, Norway","Cyanistes caeruleus",0.118000450593646,0.00253634644224201,"lnRR"
"237","GNM_2_Unpublished","281","GNM_2_Unpublished_1","Bergen, Norway","Cyanistes caeruleus",0.0160383598234254,0.00044177881219764,"lnRR"
"238","GNM_2_Unpublished","283","GNM_2_Unpublished_1","Bergen, Norway","Cyanistes caeruleus",0.106335649816032,0.16553897934604,"lnRR"
"239","GNM_001","1","GNM_001_1","Lodz, Poland","Cyanistes caeruleus",0.807878726492919,0.131212439059035,"SMDH"
"240","GNM_001","2","GNM_001_1","Lodz, Poland","Cyanistes caeruleus",0.285066636659043,0.122554786795645,"SMDH"
"241","GNM_002","7","GNM_002_2","Montijo, Portugal","Cyanistes caeruleus",2.84456562200752,1.64248869112404,"SMDH"
"242","GNM_002","8","GNM_002_2","Montijo, Portugal","Cyanistes caeruleus",2.06043867656704,0.628937043661333,"SMDH"
"243","GNM_002","9","GNM_002_2","Montijo, Portugal","Cyanistes caeruleus",0.424138064247809,0.40103410183641,"SMDH"
"244","GNM_002","10","GNM_002_3","Montijo, Portugal","Cyanistes caeruleus",-1.17230094067332,0.681496868726444,"SMDH"
"245","GNM_002","11","GNM_002_3","Montijo, Portugal","Cyanistes caeruleus",-0.320884057821388,0.421814995594863,"SMDH"
"246","GNM_002","12","GNM_002_3","Montijo, Portugal","Cyanistes caeruleus",0.955618802145452,0.826100607917826,"SMDH"
"247","GNM_016","13","GNM_016_1","Madrid Province, Spain","Sturnus unicolor",-0.741065708903942,0.0791590591195676,"SMDH"
"248","GNM_016","14","GNM_016_2","Madrid Province, Spain","Sturnus unicolor",0.0814559960075263,0.074135509993385,"SMDH"
"249","GNM_016","15","GNM_016_1","Madrid Province, Spain","Sturnus unicolor",0,0.0740740740740741,"SMDH"
"250","GNM_016","16","GNM_016_2","Madrid Province, Spain","Sturnus unicolor",0.549468549069262,0.0768695896890396,"SMDH"
"251","GNM_016","17","GNM_016_3","Madrid Province, Spain","Sturnus unicolor",-0.0978374720190453,0.0741627052863989,"SMDH"
"252","GNM_016","18","GNM_016_4","Madrid Province, Spain","Sturnus unicolor",-0.57436212347651,0.0771286282304115,"SMDH"
"253","GNM_016","19","GNM_016_5","Madrid Province, Spain","Sturnus unicolor",-0.112537929410029,0.074191340606999,"SMDH"
"254","GNM_016","20","GNM_016_6","Madrid Province, Spain","Sturnus unicolor",-0.359456933809525,0.0752704563635532,"SMDH"
"255","GNM_016","21","GNM_016_7","Madrid Province, Spain","Sturnus unicolor",-0.340575064522663,0.0751480682830983,"SMDH"
"256","GNM_024","23","GNM_024_1","Madrid Province, Spain","Sturnus unicolor",3.98971043216246,0.34252856941174,"SMDH"
"257","GNM_024","24","GNM_024_1","Madrid Province, Spain","Sturnus unicolor",-0.279942984641026,0.116251122870936,"SMDH"
"258","GNM_137","27","GNM_137_1","Nova Scotia and New Brunswick, Canada","Tachycineta bicolor",0.52853623839258,0.0682902392333617,"SMDH"
"259","GNM_137","28","GNM_137_1","Nova Scotia and New Brunswick, Canada","Tachycineta bicolor",0.151341423916709,0.0663764606609658,"SMDH"
"260","GNM_137","29","GNM_137_1","Nova Scotia and New Brunswick, Canada","Tachycineta bicolor",-0.0618611586914649,0.0662340918278428,"SMDH"
"261","GNM_137","30","GNM_137_1","Nova Scotia and New Brunswick, Canada","Tachycineta bicolor",-0.234028431116179,0.066614259765276,"SMDH"
"262","GNM_137","31","GNM_137_1","Nova Scotia and New Brunswick, Canada","Tachycineta bicolor",-0.169797993420381,0.0664206929891483,"SMDH"
"263","GNM_137","32","GNM_137_1","Nova Scotia and New Brunswick, Canada","Tachycineta bicolor",1.14952025139745,0.0760667038085757,"SMDH"
"264","GNM_152","34","GNM_152_1","Vosbergen, Netherlands","Sturnus vulgaris",-0.619174344792931,0.400074223211027,"SMDH"
"265","GNM_152","35","GNM_152_1","Vosbergen, Netherlands","Sturnus vulgaris",0.166709575332104,0.683670987318676,"SMDH"
"266","GNM_152","36","GNM_152_1","Vosbergen, Netherlands","Sturnus vulgaris",-0.389891219533062,0.710858225933498,"SMDH"
"267","GNM_152","37","GNM_152_1","Vosbergen, Netherlands","Sturnus vulgaris",-0.650350297081645,0.47349752827301,"SMDH"
"268","GNM_152","38","GNM_152_1","Vosbergen, Netherlands","Sturnus vulgaris",0.445034995371825,0.7141468676504,"SMDH"
"269","GNM_152","39","GNM_152_1","Vosbergen, Netherlands","Sturnus vulgaris",-0.318589077050814,0.758458250001341,"SMDH"
"270","GNM_152","40","GNM_152_1","Vosbergen, Netherlands","Sturnus vulgaris",-0.024846861178422,0.450034298139468,"SMDH"
"271","GNM_152","41","GNM_152_1","Vosbergen, Netherlands","Sturnus vulgaris",-0.55248827625283,0.721803092528344,"SMDH"
"272","GNM_152","42","GNM_152_1","Vosbergen, Netherlands","Sturnus vulgaris",-0.611776771205862,0.781189234815589,"SMDH"
"273","GNM_152","43","GNM_152_1","Vosbergen, Netherlands","Sturnus vulgaris",-0.437911570647607,0.390949921994708,"SMDH"
"274","GNM_152","44","GNM_152_1","Vosbergen, Netherlands","Sturnus vulgaris",0.437267329217997,0.694565029631611,"SMDH"
"275","GNM_152","45","GNM_152_1","Vosbergen, Netherlands","Sturnus vulgaris",-0.0121723035705337,0.700010583212444,"SMDH"
"276","GNM_152","46","GNM_152_1","Vosbergen, Netherlands","Sturnus vulgaris",0,0.75,"SMDH"
"277","GNM_152","47","GNM_152_1","Vosbergen, Netherlands","Sturnus vulgaris",0,0.4,"SMDH"
"278","GNM_152","48","GNM_152_1","Vosbergen, Netherlands","Sturnus vulgaris",0,0.75,"SMDH"
"279","GNM_152","49","GNM_152_1","Vosbergen, Netherlands","Sturnus vulgaris",0,0.75,"SMDH"
"280","GNM_152","50","GNM_152_1","Vosbergen, Netherlands","Sturnus vulgaris",0,0.4,"SMDH"
"281","GNM_152","51","GNM_152_1","Vosbergen, Netherlands","Sturnus vulgaris",0,0.75,"SMDH"
"282","GNM_152","52","GNM_152_1","Vosbergen, Netherlands","Sturnus vulgaris",0,0.75,"SMDH"
"283","GNM_152","53","GNM_152_1","Vosbergen, Netherlands","Sturnus vulgaris",0,0.4,"SMDH"
"284","GNM_152","54","GNM_152_1","Vosbergen, Netherlands","Sturnus vulgaris",0,0.75,"SMDH"
"285","GNM_237","55","GNM_237_1","Hoya de Guadix, Spain","Sturnus unicolor",0.597825388066348,0.361518030006889,"SMDH"
"286","GNM_237","56","GNM_237_2","Hoya de Guadix, Spain","Sturnus unicolor",0.394421827851449,0.396296916426302,"SMDH"
"287","GNM_237","57","GNM_237_3","Hoya de Guadix, Spain","Sturnus unicolor",-0.578735406860513,0.292622526048956,"SMDH"
"288","GNM_237","58","GNM_237_4","Hoya de Guadix, Spain","Sturnus unicolor",-0.39778876515002,0.662171992436891,"SMDH"
"289","GNM_237","59","GNM_237_5","Hoya de Guadix, Spain","Sturnus unicolor",0.655105693416307,1.29291634695465,"SMDH"
"290","GNM_237","60","GNM_237_6","Hoya de Guadix, Spain","Sturnus unicolor",0.382778621344966,1.01627994143986,"SMDH"
"291","GNM_018","61","GNM_018_1","Valsaín, Spain","Cyanistes caeruleus",0.235322128486848,0.150922941735926,"SMDH"
"292","GNM_018","62","GNM_018_1","Valsaín, Spain","Cyanistes caeruleus",0.218256905844036,0.15079393461581,"SMDH"
"293","GNM_018","63","GNM_018_1","Valsaín, Spain","Cyanistes caeruleus",-0.14636340228326,0.0885737608906747,"SMDH"
"294","GNM_018","64","GNM_018_1","Valsaín, Spain","Cyanistes caeruleus",-0.361632794043944,0.0926913442886242,"SMDH"
"295","GNM_018","65","GNM_018_1","Valsaín, Spain","Cyanistes caeruleus",0.619440687535037,0.0730193554044167,"SMDH"
"296","GNM_018","66","GNM_018_1","Valsaín, Spain","Cyanistes caeruleus",0.0905002712296122,0.0683564463513814,"SMDH"
"297","GNM_101","67","GNM_101_1","Valsaín, Spain","Cyanistes caeruleus",0.367284030968056,0.0694302366930044,"SMDH"
"298","GNM_101","68","GNM_101_1","Valsaín, Spain","Cyanistes caeruleus",0.0524698760142476,0.0683103682903332,"SMDH"
"299","GNM_101","69","GNM_101_1","Valsaín, Spain","Cyanistes caeruleus",-0.233053630420377,0.0687473251273092,"SMDH"
"300","GNM_101","70","GNM_101_1","Valsaín, Spain","Cyanistes caeruleus",-0.0524698760142476,0.0683103682903332,"SMDH"
"301","GNM_101","71","GNM_101_1","Valsaín, Spain","Cyanistes caeruleus",0.0407510763739686,0.068301110344034,"SMDH"
"302","GNM_101","72","GNM_101_1","Valsaín, Spain","Cyanistes caeruleus",-0.285327859007931,0.0689769691313256,"SMDH"
"303","GNM_101","73","GNM_101_1","Valsaín, Spain","Cyanistes caeruleus",0.0609517898271396,0.0683185211106229,"SMDH"
"304","GNM_101","74","GNM_101_1","Valsaín, Spain","Cyanistes caeruleus",0.0237336080917769,0.0697163943594096,"SMDH"
"305","GNM_101","75","GNM_101_1","Valsaín, Spain","Cyanistes caeruleus",-0.113180591437196,0.0698219681708322,"SMDH"
"306","GNM_101","76","GNM_101_1","Valsaín, Spain","Cyanistes caeruleus",0,0.0697115384615385,"SMDH"
"307","GNM_101","77","GNM_101_1","Valsaín, Spain","Cyanistes caeruleus",0.182188437510305,0.0699976817956975,"SMDH"
"308","GNM_101","78","GNM_101_1","Valsaín, Spain","Cyanistes caeruleus",-0.455471093775763,0.0714999343000323,"SMDH"
"309","GNM_101","79","GNM_101_1","Valsaín, Spain","Cyanistes caeruleus",-0.394438292118156,0.0710527588605823,"SMDH"
"310","GNM_101","80","GNM_101_1","Valsaín, Spain","Cyanistes caeruleus",0.182745760431927,0.0695829982165785,"SMDH"
"311","GNM_101","81","GNM_101_1","Valsaín, Spain","Cyanistes caeruleus",0.182745760431924,0.0695829982165785,"SMDH"
"312","GNM_101","82","GNM_101_1","Valsaín, Spain","Cyanistes caeruleus",0.120750166737933,0.0694207964046078,"SMDH"
"313","GNM_101","83","GNM_101_1","Valsaín, Spain","Cyanistes caeruleus",-0.221057394396562,0.069716363377454,"SMDH"
"314","GNM_101","84","GNM_101_1","Valsaín, Spain","Cyanistes caeruleus",-0.149013587139374,0.069902961299057,"SMDH"
"315","GNM_101","85","GNM_101_1","Valsaín, Spain","Cyanistes caeruleus",0.0910942187551526,0.0697830742950782,"SMDH"
"316","GNM_069","86","GNM_069_1","Hoya de Guadix, Spain","Sturnus unicolor",0,0.0976190476190476,"SMDH"
"317","GNM_069","87","GNM_069_2","Hoya de Guadix, Spain","Sturnus unicolor",0.229795327920002,0.41930696130336,"SMDH"
"318","GNM_069","88","GNM_069_1","Hoya de Guadix, Spain","Sturnus unicolor",-0.736844487562258,0.104240264678205,"SMDH"
"319","GNM_069","89","GNM_069_2","Hoya de Guadix, Spain","Sturnus unicolor",0,0.366666666666667,"SMDH"
"320","GNM_069","90","GNM_069_1","Hoya de Guadix, Spain","Sturnus unicolor",0.101145296990379,0.0977438082422583,"SMDH"
"321","GNM_069","91","GNM_069_2","Hoya de Guadix, Spain","Sturnus unicolor",-0.102612037893091,0.367145268044875,"SMDH"
"322","GNM_069","92","GNM_069_1","Hoya de Guadix, Spain","Sturnus unicolor",-0.279383197055354,0.0985709375068143,"SMDH"
"323","GNM_069","93","GNM_069_2","Hoya de Guadix, Spain","Sturnus unicolor",-0.345942506198203,0.372106494739153,"SMDH"
"324","GNM_069","94","GNM_069_1","Hoya de Guadix, Spain","Sturnus unicolor",-0.167101629364499,0.100599663498119,"SMDH"
"325","GNM_069","95","GNM_069_2","Hoya de Guadix, Spain","Sturnus unicolor",-0.811727242827124,0.396616717427927,"SMDH"
"326","GNM_069","96","GNM_069_1","Hoya de Guadix, Spain","Sturnus unicolor",-0.130869256864276,0.0978279105750502,"SMDH"
"327","GNM_069","97","GNM_069_2","Hoya de Guadix, Spain","Sturnus unicolor",-0.201767636526784,0.368517129355285,"SMDH"
"328","GNM_069","98","GNM_069_1","Hoya de Guadix, Spain","Sturnus unicolor",-0.00925968827510113,0.10263267820156,"SMDH"
"329","GNM_069","99","GNM_069_2","Hoya de Guadix, Spain","Sturnus unicolor",-0.852010964395615,0.399663152278046,"SMDH"
"330","GNM_069","100","GNM_069_1","Hoya de Guadix, Spain","Sturnus unicolor",-0.0650159762362812,0.0976705973405837,"SMDH"
"331","GNM_069","101","GNM_069_2","Hoya de Guadix, Spain","Sturnus unicolor",0.0189630329262494,0.366683011967474,"SMDH"
"332","GNM_069","102","GNM_069_1","Hoya de Guadix, Spain","Sturnus unicolor",-0.0269713660600327,0.0976279190164518,"SMDH"
"333","GNM_069","103","GNM_069_2","Hoya de Guadix, Spain","Sturnus unicolor",0.0835217194969011,0.417015460548053,"SMDH"
"334","GNM_069","104","GNM_069_1","Hoya de Guadix, Spain","Sturnus unicolor",0.698615307579711,0.103571039667641,"SMDH"
"335","GNM_069","105","GNM_069_2","Hoya de Guadix, Spain","Sturnus unicolor",-1.07437288336469,0.419133807235273,"SMDH"
"336","GNM_069","106","GNM_069_1","Hoya de Guadix, Spain","Sturnus unicolor",0.201126286934991,0.0981123620494898,"SMDH"
"337","GNM_147","108","GNM_147_1","Vanderhoof, Canada","Tachycineta bicolor",0.356508024378655,0.592411759865217,"SMDH"
"338","GNM_147","109","GNM_147_1","Vanderhoof, Canada","Tachycineta bicolor",-0.341424141457795,0.743930646457896,"SMDH"
"339","GNM_147","110","GNM_147_1","Vanderhoof, Canada","Tachycineta bicolor",-0.0181422115927766,0.650025318449344,"SMDH"
"340","GNM_349","114","GNM_349_1","Patuxent Wildlife Research Center, USA","Sturnus vulgaris",-0.101412138154465,0.0693837603614856,"SMDH"
"341","GNM_349","115","GNM_349_1","Patuxent Wildlife Research Center, USA","Sturnus vulgaris",-0.110948637216801,0.0694012187954097,"SMDH"
"342","GNM_349","116","GNM_349_1","Patuxent Wildlife Research Center, USA","Sturnus vulgaris",0.0189406142749146,0.076926526412203,"SMDH"
"343","GNM_349","117","GNM_349_1","Patuxent Wildlife Research Center, USA","Sturnus vulgaris",-0.376886485034217,0.0798541210360625,"SMDH"
"344","GNM_349","118","GNM_349_1","Patuxent Wildlife Research Center, USA","Sturnus vulgaris",2.17643822929595,0.031863212034997,"SMDH"
"345","GNM_349","119","GNM_349_1","Patuxent Wildlife Research Center, USA","Sturnus vulgaris",-0.183891281921183,0.0211626363331144,"SMDH"
"346","GNM_349","120","GNM_349_1","Patuxent Wildlife Research Center, USA","Sturnus vulgaris",-0.0323592464904419,0.0191125122548606,"SMDH"
"347","GNM_185","121","GNM_185_1","Betty Daw’s Wood, UK","Cyanistes caeruleus",-0.330756456078415,0.0881456503612777,"SMDH"
"348","GNM_185","122","GNM_185_1","Betty Daw’s Wood, UK","Cyanistes caeruleus",0,0.0869565217391304,"SMDH"
"349","GNM_185","123","GNM_185_1","Betty Daw’s Wood, UK","Cyanistes caeruleus",0,0.0869565217391304,"SMDH"
"350","GNM_185","124","GNM_185_1","Betty Daw’s Wood, UK","Cyanistes caeruleus",0,0.0869565217391304,"SMDH"
"351","GNM_185","125","GNM_185_1","Betty Daw’s Wood, UK","Cyanistes caeruleus",0,0.0869565217391304,"SMDH"
"352","GNM_185","126","GNM_185_1","Betty Daw’s Wood, UK","Cyanistes caeruleus",0,0.0869565217391304,"SMDH"
"353","GNM_185","127","GNM_185_1","Betty Daw’s Wood, UK","Cyanistes caeruleus",0,0.0869565217391304,"SMDH"
"354","GNM_185","128","GNM_185_1","Betty Daw’s Wood, UK","Cyanistes caeruleus",0,0.0869565217391304,"SMDH"
"355","GNM_010","135","GNM_010_1","Lake Ammersee, Germany","Sturnus vulgaris",0.304889116725315,0.252904917921798,"SMDH"
"356","GNM_010","136","GNM_010_2","Lake Ammersee, Germany","Sturnus vulgaris",0.388099230586428,0.198030659034487,"SMDH"
"357","GNM_010","137","GNM_010_1","Lake Ammersee, Germany","Sturnus vulgaris",0.260596879746067,0.252122210429168,"SMDH"
"358","GNM_010","138","GNM_010_2","Lake Ammersee, Germany","Sturnus vulgaris",0.361815072474272,0.197561352698482,"SMDH"
"359","GNM_010","139","GNM_010_1","Lake Ammersee, Germany","Sturnus vulgaris",0.188632159535484,0.251111940362844,"SMDH"
"360","GNM_010","140","GNM_010_2","Lake Ammersee, Germany","Sturnus vulgaris",0.285777296371132,0.19638893642352,"SMDH"
"361","GNM_010","141","GNM_010_1","Lake Ammersee, Germany","Sturnus vulgaris",1.09032735704782,0.287150429547715,"SMDH"
"362","GNM_010","142","GNM_010_2","Lake Ammersee, Germany","Sturnus vulgaris",0.806969304169483,0.209949193441392,"SMDH"
"363","GNM_028","151","GNM_028_1","Madrid Province, Spain","Sturnus unicolor",0.16827777944742,0.0409778099203525,"SMDH"
"364","GNM_028","152","GNM_028_1","Madrid Province, Spain","Sturnus unicolor",0.15609124424182,0.162824951868242,"SMDH"
"365","GNM_028","153","GNM_028_1","Madrid Province, Spain","Sturnus unicolor",0.197830991108519,0.18270766138734,"SMDH"
"366","GNM_028","154","GNM_028_1","Madrid Province, Spain","Sturnus unicolor",0.0784537797307706,0.111540594408495,"SMDH"
"367","GNM_028","155","GNM_028_1","Madrid Province, Spain","Sturnus unicolor",0.0685265072802717,0.277934307184446,"SMDH"
"368","GNM_028","156","GNM_028_1","Madrid Province, Spain","Sturnus unicolor",-1.01596982683979,0.376341445377036,"SMDH"
"369","GNM_121","158","GNM_121_1","Corsica, France","Cyanistes caeruleus",0.497064276849498,0.103088411191499,"SMDH"
"370","GNM_121","159","GNM_121_1","Corsica, France","Cyanistes caeruleus",0.532403086479821,0.103543163081166,"SMDH"
"371","GNM_123","161","GNM_123_1","Corsica, France","Cyanistes caeruleus",0,0.1,"SMDH"
"372","GNM_123","162","GNM_123_1","Corsica, France","Cyanistes caeruleus",0.0761574228899129,0.100072499413265,"SMDH"
"373","GNM_123","163","GNM_123_2","Corsica, France","Cyanistes caeruleus",-0.483718535946218,0.102924795275224,"SMDH"
"374","GNM_123","164","GNM_123_2","Corsica, France","Cyanistes caeruleus",0.190444675067283,0.0502266823391343,"SMDH"
"375","GNM_128","165","GNM_128_1","Corsica, France","Cyanistes caeruleus",-0.241799244190542,0.0959341294582276,"SMDH"
"376","GNM_128","166","GNM_128_1","Corsica, France","Cyanistes caeruleus",0.218008318774956,0.0958039003220843,"SMDH"
"377","GNM_143","167","GNM_143_1","Lake Ammersee, Germany","Sturnus vulgaris",0.208867652974502,0.078889241368,"SMDH"
"378","GNM_143","168","GNM_143_2","Lake Ammersee, Germany","Sturnus vulgaris",0.858113710032098,0.141043426978684,"SMDH"
"379","GNM_143","169","GNM_143_3","Lake Ammersee, Germany","Sturnus vulgaris",0.4025736017704,0.0802925812021585,"SMDH"
"380","GNM_143","170","GNM_143_4","Lake Ammersee, Germany","Sturnus vulgaris",0.345878233652704,0.211324127146201,"SMDH"
"381","GNM_143","171","GNM_143_5","Lake Ammersee, Germany","Sturnus vulgaris",0.0487929093414903,0.0845070519676489,"SMDH"
"382","GNM_143","172","GNM_143_5","Lake Ammersee, Germany","Sturnus vulgaris",-0.135659015485462,0.131231219868782,"SMDH"
"383","GNM_143","174","GNM_143_5","Lake Ammersee, Germany","Sturnus vulgaris",-0.269382904939516,0.128022579187829,"SMDH"
"384","GNM_143","175","GNM_143_6","Lake Ammersee, Germany","Sturnus vulgaris",0.686350619568804,0.0904660047415931,"SMDH"
"385","GNM_143","176","GNM_143_5","Lake Ammersee, Germany","Sturnus vulgaris",-0.1155766063816,0.0477255694746339,"SMDH"
"386","GNM_143","177","GNM_143_6","Lake Ammersee, Germany","Sturnus vulgaris",0.0403371275179388,0.0911157980778901,"SMDH"
"387","GNM_355","181","GNM_355_3","SWRC, Philadelphia, USA","Sturnus vulgaris",0.541988128196952,1.20863111396759,"SMDH"
"388","GNM_355","184","GNM_355_3","SWRC, Philadelphia, USA","Sturnus vulgaris",1.25687314828887,1.39234239679375,"SMDH"
"389","GNM_355","185","GNM_355_3","SWRC, Philadelphia, USA","Sturnus vulgaris",0,1.16666666666667,"SMDH"
"390","GNM_355","190","GNM_355_3","SWRC, Philadelphia, USA","Sturnus vulgaris",-1.24252634314405,0.768759362569763,"SMDH"
"391","GNM_355","191","GNM_355_3","SWRC, Philadelphia, USA","Sturnus vulgaris",1.71016417717177,0.730691719906393,"SMDH"
"392","GNM_355","192","GNM_355_3","SWRC, Philadelphia, USA","Sturnus vulgaris",-3.30947053004712,1.59843055148515,"SMDH"
"393","GNM_355","193","GNM_355_3","SWRC, Philadelphia, USA","Sturnus vulgaris",-4.18489262451745,1.9971789445185,"SMDH"
"394","GNM_355","194","GNM_355_3","SWRC, Philadelphia, USA","Sturnus vulgaris",5.50550741263122,2.5564217437501,"SMDH"
"395","GNM_355","195","GNM_355_3","SWRC, Philadelphia, USA","Sturnus vulgaris",-9.2920230374949,7.88085529649228,"SMDH"
"396","GNM_355","196","GNM_355_3","SWRC, Philadelphia, USA","Sturnus vulgaris",-4.7387512099133,2.37736638688113,"SMDH"
"397","GNM_355","197","GNM_355_3","SWRC, Philadelphia, USA","Sturnus vulgaris",3.72713780869618,1.46181803538179,"SMDH"
"398","GNM_355","198","GNM_355_3","SWRC, Philadelphia, USA","Sturnus vulgaris",-5.9878562655013,3.67358284040621,"SMDH"
"399","GNM_355","199","GNM_355_3","SWRC, Philadelphia, USA","Sturnus vulgaris",-4.76160129200438,2.39406514338598,"SMDH"
"400","GNM_355","200","GNM_355_3","SWRC, Philadelphia, USA","Sturnus vulgaris",4.5186745455885,1.89694226231091,"SMDH"
"401","GNM_355","201","GNM_355_3","SWRC, Philadelphia, USA","Sturnus vulgaris",-7.71344458034136,5.64381656021408,"SMDH"
"402","GNM_355","202","GNM_355_3","SWRC, Philadelphia, USA","Sturnus vulgaris",0.120440710420614,0.536681350029394,"SMDH"
"403","GNM_355","203","GNM_355_3","SWRC, Philadelphia, USA","Sturnus vulgaris",0.33573608212164,0.65867067052603,"SMDH"
"404","GNM_355","204","GNM_355_3","SWRC, Philadelphia, USA","Sturnus vulgaris",0.0285756508949542,0.685782333032958,"SMDH"
"405","GNM_355","205","GNM_355_3","SWRC, Philadelphia, USA","Sturnus vulgaris",0.0111412251681501,0.535722560840835,"SMDH"
"406","GNM_355","206","GNM_355_3","SWRC, Philadelphia, USA","Sturnus vulgaris",-0.0371427769317582,0.650106121990631,"SMDH"
"407","GNM_355","207","GNM_355_3","SWRC, Philadelphia, USA","Sturnus vulgaris",-0.0591103595479195,0.686005455264776,"SMDH"
"408","GNM_355","208","GNM_355_3","SWRC, Philadelphia, USA","Sturnus vulgaris",0.0451371572749203,0.535850109912076,"SMDH"
"409","GNM_355","209","GNM_355_3","SWRC, Philadelphia, USA","Sturnus vulgaris",-0.0478864936067102,0.650176393559227,"SMDH"
"410","GNM_355","210","GNM_355_3","SWRC, Philadelphia, USA","Sturnus vulgaris",-0.0757439455091082,0.686192381154393,"SMDH"
"411","GNM_001_rep","211","GNM_001_rep_1","Coimbra, Portugal","Cyanistes caeruleus",-0.128769914048772,0.250518177836379,"SMDH"
"412","GNM_001_rep","212","GNM_001_rep_1","Coimbra, Portugal","Cyanistes caeruleus",-1.04380464167834,0.284047754062164,"SMDH"
"413","GNM_001_rep","213","GNM_001_rep_1","Coimbra, Portugal","Cyanistes caeruleus",1.11639042570935,0.288947736956734,"SMDH"
"414","GNM_001_rep","214","GNM_001_rep_1","Coimbra, Portugal","Cyanistes caeruleus",-1.82754685630284,0.35437273474945,"SMDH"
"415","GNM_001_rep","215","GNM_001_rep_1","Coimbra, Portugal","Cyanistes caeruleus",-0.317618644764212,0.253152550109433,"SMDH"
"416","GNM_001_rep","216","GNM_001_rep_1","Coimbra, Portugal","Cyanistes caeruleus",0.462723929035084,0.256691044828177,"SMDH"
"417","GNM_001_rep","217","GNM_001_rep_1","Coimbra, Portugal","Cyanistes caeruleus",0.538191006557215,0.259051548735596,"SMDH"
"418","GNM_001_rep","218","GNM_001_rep_1","Coimbra, Portugal","Cyanistes caeruleus",-0.313984587920116,0.253080822545355,"SMDH"
"419","GNM_001_rep","219","GNM_001_rep_1","Coimbra, Portugal","Cyanistes caeruleus",0.590118641881115,0.260882500359238,"SMDH"
"420","GNM_001_rep","220","GNM_001_rep_1","Coimbra, Portugal","Cyanistes caeruleus",0.0398464740572696,0.450088207860822,"SMDH"
"421","GNM_001_rep","221","GNM_001_rep_1","Coimbra, Portugal","Cyanistes caeruleus",-1.18204576770746,0.527624010941951,"SMDH"
"422","GNM_002_add","224","GNM_002_add_1","Lake Ammersee, Germany","Sturnus vulgaris",0,0.0272121436504998,"SMDH"
"423","GNM_002_add","225","GNM_002_add_1","Lake Ammersee, Germany","Sturnus vulgaris",-0.104074720037284,0.0270685565356941,"SMDH"
"424","GNM_002_add","226","GNM_002_add_1","Lake Ammersee, Germany","Sturnus vulgaris",-0.0464140431858889,0.027219471077047,"SMDH"
"425","GNM_002_add","227","GNM_002_add_1","Lake Ammersee, Germany","Sturnus vulgaris",-0.253233947141059,0.0296475273234729,"SMDH"
"426","GNM_002_add","228","GNM_002_add_1","Lake Ammersee, Germany","Sturnus vulgaris",0.192571326122751,0.269093266711965,"SMDH"
"427","GNM_002_add","229","GNM_002_add_1","Lake Ammersee, Germany","Sturnus vulgaris",0,0.0860805860805861,"SMDH"
"428","GNM_002_add","230","GNM_002_add_1","Lake Ammersee, Germany","Sturnus vulgaris",-0.271489699142858,0.043531708340647,"SMDH"
"429","GNM_002_add","231","GNM_002_add_1","Lake Ammersee, Germany","Sturnus vulgaris",-0.0977249816183401,0.0440563419446585,"SMDH"
"430","GNM_002_add","232","GNM_002_add_1","Lake Ammersee, Germany","Sturnus vulgaris",0,0.0860805860805861,"SMDH"
"431","GNM_002_add","233","GNM_002_add_1","Lake Ammersee, Germany","Sturnus vulgaris",0.532843956687757,0.0781770913681855,"SMDH"
"432","GNM_002_add","234","GNM_002_add_1","Lake Ammersee, Germany","Sturnus vulgaris",0.824873022276423,0.0821332998923936,"SMDH"
"433","GNM_002_add","235","GNM_002_add_1","Lake Ammersee, Germany","Sturnus vulgaris",0.175220334284499,0.0773322501672945,"SMDH"
"434","GNM_002_add","236","GNM_002_add_1","Lake Ammersee, Germany","Sturnus vulgaris",0.402265524927435,0.0800479850551183,"SMDH"
"435","GNM_001_add","237","GNM_001_add_1","Lodz, Poland","Parus major",0.044400085640268,0.176965932740574,"SMDH"
"436","GNM_001_add","238","GNM_001_add_1","Lodz, Poland","Parus major",-0.13281743486962,0.177306565423193,"SMDH"
"437","GNM_001_add","239","GNM_001_add_1","Lodz, Poland","Parus major",-0.172278247114257,0.177568289845441,"SMDH"
"438","GNM_001_add","240","GNM_001_add_1","Lodz, Poland","Parus major",-5.23071887820004,0.771714815678691,"SMDH"
"439","GNM_001_add","242","GNM_001_add_1","Lodz, Poland","Parus major",0.603126444103939,0.184830935783457,"SMDH"
"440","GNM_001_add","243","GNM_001_add_1","Lodz, Poland","Parus major",0.206933155427167,0.177853975419056,"SMDH"
"441","GNM_001_add","244","GNM_001_add_1","Lodz, Poland","Parus major",0.526428351817249,0.182947572783882,"SMDH"
"442","GNM_001_add","245","GNM_001_add_1","Lodz, Poland","Parus major",0.562773280857085,0.183808158784961,"SMDH"
"443","GNM_001_add","246","GNM_001_add_1","Lodz, Poland","Parus major",-0.138243149082717,0.183767678066704,"SMDH"
"444","GNM_001_add","247","GNM_001_add_1","Lodz, Poland","Parus major",-0.47918534730878,0.188551937812321,"SMDH"
"445","GNM_001_add","249","GNM_001_add_1","Lodz, Poland","Parus major",-0.590809762786015,0.191266428237953,"SMDH"
"446","GNM_001_add","250","GNM_001_add_1","Lodz, Poland","Parus major",0.663804792732128,0.193347806125473,"SMDH"
"447","GNM_001_add","252","GNM_001_add_1","Lodz, Poland","Parus major",-0.010308377444617,0.183335748393459,"SMDH"
"448","GNM_001_add","253","GNM_001_add_1","Lodz, Poland","Parus major",0.212782617072289,0.1843623433817,"SMDH"
"449","GNM_001_add","254","GNM_001_add_1","Lodz, Poland","Parus major",0.895053467576996,0.201540622192915,"SMDH"
"450","GNM_001_add","255","GNM_001_add_1","Lodz, Poland","Parus major",0.229131853520009,0.184526547112822,"SMDH"
"451","GNM_001_add","256","GNM_001_add_1","Lodz, Poland","Parus major",0,0.183333333333333,"SMDH"
"452","GNM_001_add","258","GNM_001_add_1","Lodz, Poland","Parus major",-0.380842520517038,0.18662972027501,"SMDH"
"453","GNM_001_add","259","GNM_001_add_1","Lodz, Poland","Parus major",-0.249645407786538,0.184749761279445,"SMDH"
"454","GNM_003_add","260","GNM_003_add_1","Kuankuoshui Nature Reserve, China","Passer cinnamomeus",0.851187855816741,0.349493651148417,"SMDH"
"455","GNM_003_add","261","GNM_003_add_1","Kuankuoshui Nature Reserve, China","Passer cinnamomeus",1.72816282480533,0.439974690474385,"SMDH"
"456","GNM_003_add","262","GNM_003_add_1","Kuankuoshui Nature Reserve, China","Passer cinnamomeus",0.454972412521141,0.341958329006471,"SMDH"
"457","GNM_003_add","263","GNM_003_add_1","Kuankuoshui Nature Reserve, China","Passer cinnamomeus",0.626780981196686,0.336226996448416,"SMDH"
"458","GNM_003_add","264","GNM_003_add_1","Kuankuoshui Nature Reserve, China","Passer cinnamomeus",3.87371208885508,0.920738634406501,"SMDH"
"459","GNM_003_add","265","GNM_003_add_1","Kuankuoshui Nature Reserve, China","Passer cinnamomeus",2.14426805261629,0.524911895061286,"SMDH"
"460","GNM_1_Unpublished","266","GNM_1_Unpublished_1","Werther, Germany","Buteo buteo",-0.27675678207371,0.514441298781711,"SMDH"
"461","GNM_1_Unpublished","267","GNM_1_Unpublished_1","Werther, Germany","Buteo buteo",-0.150802742803199,0.334175609897665,"SMDH"
"462","GNM_1_Unpublished","268","GNM_1_Unpublished_1","Werther, Germany","Buteo buteo",0.169008422448209,0.624262496997825,"SMDH"
"463","GNM_1_Unpublished","269","GNM_1_Unpublished_1","Werther, Germany","Buteo buteo",-0.0790966385507319,0.511383123208069,"SMDH"
"464","GNM_1_Unpublished","270","GNM_1_Unpublished_1","Werther, Germany","Buteo buteo",0.382214233256048,0.338743989633463,"SMDH"
"465","GNM_1_Unpublished","271","GNM_1_Unpublished_1","Werther, Germany","Buteo buteo",0.400954928479549,0.633705426127368,"SMDH"
"466","GNM_1_Unpublished","272","GNM_1_Unpublished_1","Werther, Germany","Buteo buteo",-0.581194576765011,0.525797508331157,"SMDH"
"467","GNM_1_Unpublished","273","GNM_1_Unpublished_1","Werther, Germany","Buteo buteo",-1.26984841791133,0.393056111276738,"SMDH"
"468","GNM_1_Unpublished","274","GNM_1_Unpublished_1","Werther, Germany","Buteo buteo",-0.693336060265377,0.656559000255388,"SMDH"
"469","GNM_2_Unpublished","275","GNM_2_Unpublished_1","Bergen, Norway","Cyanistes caeruleus",-0.132284429754856,0.222708310287655,"SMDH"
"470","GNM_2_Unpublished","276","GNM_2_Unpublished_1","Bergen, Norway","Cyanistes caeruleus",-0.332627034872575,0.225295576231337,"SMDH"
"471","GNM_2_Unpublished","277","GNM_2_Unpublished_1","Bergen, Norway","Cyanistes caeruleus",-0.328340115512052,0.239281912036243,"SMDH"
"472","GNM_2_Unpublished","278","GNM_2_Unpublished_1","Bergen, Norway","Cyanistes caeruleus",-0.061383398904253,0.267982740245844,"SMDH"
"473","GNM_2_Unpublished","279","GNM_2_Unpublished_1","Bergen, Norway","Cyanistes caeruleus",0.309917376458327,0.33733536584295,"SMDH"
"474","GNM_2_Unpublished","280","GNM_2_Unpublished_1","Bergen, Norway","Cyanistes caeruleus",1.2494193468783,0.398377029348075,"SMDH"
"475","GNM_2_Unpublished","281","GNM_2_Unpublished_1","Bergen, Norway","Cyanistes caeruleus",0.422880768170888,0.459934896893822,"SMDH"
"476","GNM_2_Unpublished","283","GNM_2_Unpublished_1","Bergen, Norway","Cyanistes caeruleus",0.116876424039529,0.222601669402674,"SMDH"
"477","GNM_002","4","GNM_002_1","Montijo, Portugal","Cyanistes caeruleus",0.137436854187255,0.0788888888888889,"SMDH"
"478","GNM_002","5","GNM_002_1","Montijo, Portugal","Cyanistes caeruleus",0.156199065772328,0.0789429012345679,"SMDH"
"479","GNM_002","6","GNM_002_1","Montijo, Portugal","Cyanistes caeruleus",0.0125462108784847,0.0787052469135802,"SMDH"
"480","GNM_147","111","GNM_147_1","Vanderhoof, Canada","Tachycineta bicolor",0.781269443428726,0.268270861234826,"SMDH"
"481","GNM_147","112","GNM_147_1","Vanderhoof, Canada","Tachycineta bicolor",0.382152069422844,0.511211426559068,"SMDH"
"482","GNM_147","113","GNM_147_1","Vanderhoof, Canada","Tachycineta bicolor",1.16342151285157,0.420252636698333,"SMDH"
"483","GNM_121","157","GNM_121_1","Corsica, France","Cyanistes caeruleus",0.192898937270271,0.100465125,"SMDH"
"484","GNM_2_Unpublished","282","GNM_2_Unpublished_1","Bergen, Norway","Cyanistes caeruleus",0.246050975333119,0.273567195834312,"SMDH"
"485","GNM_137","33","GNM_137_1","Nova Scotia and New Brunswick, Canada","Tachycineta bicolor",-0.579683663707863,0.0687132436712392,"SMDH"
"486","GNM_069","107","GNM_069_2","Hoya de Guadix, Spain","Sturnus unicolor",-0.489638653287563,0.377564212611815,"SMDH"
"487","GNM_123","160","GNM_123_1","Corsica, France","Cyanistes caeruleus",2.37473214729529,0.170491909642471,"SMDH"
"488","GNM_143","173","GNM_143_5","Lake Ammersee, Germany","Sturnus vulgaris",0.769871232050509,0.178520700945446,"SMDH"
"489","GNM_001_add","248","GNM_001_add_1","Lodz, Poland","Parus major",-0.453465001955609,0.188006753969665,"SMDH"
"490","GNM_001_add","251","GNM_001_add_1","Lodz, Poland","Parus major",0.37443640192956,0.186519756494469,"SMDH"
"491","GNM_001_add","257","GNM_001_add_1","Lodz, Poland","Parus major",0.37443640192956,0.186519756494469,"SMDH"
